email,mobile_no,no_of_employees,company_name,website_url,title,first_name,address,street,city,zip_code,last_name,state,country,street_address
stoneplumbingandheat@yahoo.com,2123772952,,Stone Plumbing & Heating,www.stoneplumbingandheating.info,,,6 Stone St.,,New York,10004,,New York,United States,6 Stone St.
broadwayplumbingandheating@yahoo.com,2122931150,,Broadway Plumbing & Heating,www.broadwayplumbingandheating.info,,,28 Broadway,,New York,10004,,New York,United States,28 Broadway
batteryplaceplumbingheating@yahoo.com,8775652472,,Battery Place Plumbing & Heating,www.batteryplaceplumbingandheating.info,,,17 Battery Pl.,,New York,10004,,New York,United States,17 Battery Pl.
,2123773277,,Water Street Plumbing & Heating,,,,28 Water St.,,New York,10004,,New York,United States,28 Water St.
broadstplumbingheating@yahoo.com,2122931101,,Broad Street Plumbing Sewer & Drain,www.broadstreetplumbingseweranddrain.info,,,50 Broad St.,,New York,10004,,New York,United States,50 Broad St.
,2129371105,,All Plumbing,,,,36 Liberty St.,,New York,10005,,New York,United States,36 Liberty St.
,6465092113,,All Day Emergency Plumbing,,,,87 Beaver St.,,New York,10005,,New York,United States,87 Beaver St.
billy@plumbingnyc.co,2126711185,,Plumbing NYC,www.plumbingnyc.co,,,88 Greenwich St.,,New York,10006,,New York,United States,88 Greenwich St.
,2129180906,,RR Plumbing,,,,63 Broadway,,New York,10006,,New York,United States,63 Broadway
,2122409522,,Frankie Plumbing & Heating,,,,2 Rector St.,,New York,10006,,New York,United States,2 Rector St.
bm86@nyu.edu,8663590369,,Greenwich Plumbing,,,,12 Thames St.,,New York,10006,,New York,United States,12 Thames St.
,2129371162,,Alule Plumbing,,,,42 Chambers St.,,New York,10007,,New York,United States,42 Chambers St.
,2122330178,,Perez Gil Plumbing,,,,277 Broadway,,New York,10007,,New York,United States,277 Broadway
,2123467971,,Ross Russo Plumbing & Heating,,,,7 Dey St.,,New York,10007,,New York,United States,7 Dey St.
,6465583139,,Trident Plumbing,,,,1 Centre St.,,New York,10007,,New York,United States,1 Centre St.
,2127668329,,Liberty Mechanical Contractors,,,,110 Church Street,,New York,10007,,New York,United States,110 Church Street
tompkinsplumbingandheat@yahoo.com,2123773044,,Tompkins Plumbing & Heating,www.tompkinsplumbingandheating.info,,,211 E 4th St.,,New York,10009,,New York,United States,211 E 4th St.
,8887277919,,Plumbing Squad Inc.,,,,24 Avenue C Apt 5,,New York,10009,,New York,United States,24 Avenue C Apt 5
,6466265116,,Manhattan Plumbing & Heating,,,,67 W 10th St.,,New York,10011,,New York,United States,67 W 10th St.
,2129371185,,Affek Plumbing,,,,102 9th Ave.,,New York,10011,,New York,United States,102 9th Ave.
,2123677690,,RCI Plumbing,,,,555 Avenue of the Americas,,New York,10011,,New York,United States,555 Avenue of the Americas
,2129371179,,Avazy Plumbing,,,,"220 W 14th St., Frnt",,New York,10011,,New York,United States,"220 W 14th St., Frnt"
,2129371126,,Amkor Plumbing,,,,318 W 16th St.,,New York,10011,,New York,United States,318 W 16th St.
,2122931582,,Gramercy Plumbing & Heating,,,,26 W 20th St.,,New York,10011,,New York,United States,26 W 20th St.
chelseaplumbingheatingcooling@yahoo.com,2122931393,,Chelsea Plumbing Heating & Cooling,,,,236 8th Ave.,,New York,10011,,New York,United States,236 8th Ave.
bleeker911plumbingheating@yahoo.com,8667991547,,Bleeker Emergency Plumbing & Heating,www.bleekeremergencyplumbingandheating.info,,,56 Cleecker St.,,New York,10012,,New York,United States,56 Cleecker St.
,2122193175,,Kin Chi Plumbing & Heating Corp.,,,,9 Spring St.,,New York,10012,,New York,United States,9 Spring St.
,2129371118,,Armany Plumbing,,,,636 Broadway,,New York,10012,,New York,United States,636 Broadway
boweryplumbingandheating@yahoo.com,2122930967,,Bowery Plumbing & Heating,www.boweryplumbingandheating.info,,,316 Bowery,,New York,10012,,New York,United States,316 Bowery
info@gatewayplumbing.com,2129800909,,Gateway Plumbing & Heating,www.gatewayplumbing.com,,,304 Hudson St.,,New York,10013,,New York,United States,304 Hudson St.
,2129371169,,Aziza Plumbing,,,,48 Leonard St.,,New York,10013,,New York,United States,48 Leonard St.
,2129371173,,A & A 24 Hour Plumbing,,,,320 Canal St.,,New York,10013,,New York,United States,320 Canal St.
,2129371106,,1 Day Plumbing,,,,202 Canal St.,,New York,10013,,New York,United States,202 Canal St.
,2129669735,,Chinatown Plumbing & Heating,,,,212 Centre St.,,New York,10013,,New York,United States,212 Centre St.
,2126826455,,Little Italy Plumbing,,,,186 Grand St.,,New York,10013,,New York,United States,186 Grand St.
centreplumbingandheating@yahoo.com,2122931330,,Centre Plumbing & Heating,www.centreplumbingandheating.info,,,220 Centre St.,,New York,10013,,New York,United States,220 Centre St.
,2129371166,,Ajar Plumbing,,,,98 Varick St.,,New York,10013,,New York,United States,98 Varick St.
,2122274070,,Joe Barziale Plumbing Co.,,,,16 Bowery,,New York,10013,,New York,United States,16 Bowery
,9176348888,,Hub Plumbing & Mechanical,www.hubplumbingnyc.com,,,103 Charles St.,,New York,10014,,New York,United States,103 Charles St.
,6465950002,,Bargain Plumbing & Heating,,,,21 Downing St.,,New York,10014,,New York,United States,21 Downing St.
,6313362637,,Island Plumbers,,,,224 W 4th St.,,New York,10014,,New York,United States,224 W 4th St.
christophersplumbingservice@yahoo.com,2122931394,,Christopher's Plumbing Service,www.christophersplumbingservice.info,,,115 Christopher St.,,New York,10014,,New York,United States,115 Christopher St.
,2129371120,,Amsterdam Plumbing,,,,603 Washington St.,,New York,10014,,New York,United States,603 Washington St.
,2129371108,,Axxo Plumbing,,,,236 W Houston St.,,New York,10014,,New York,United States,236 W Houston St.
varickstreetplumbingandheat@yahoo.com,2123773051,,Varick Street Plumbing & Heating,www.varickstreetplumbingandheating.info,,,200 Varick St.,,New York,10014,,New York,United States,200 Varick St.
,2129371136,,10 Man Plumbing,,,,1255 Avenue of the Americas,,New York,10020,,New York,United States,1255 Avenue of the Americas
,9292290820,,NYC Plumbers,,,,326 W 38th St.,,New York,10020,,New York,United States,326 W 38th St.
contact@nationwideplumbers.com,7187482727,,Nationwide Plumbers,,,,425 Lexington Ave.,,New York,10020,,New York,United States,425 Lexington Ave.
,2122886810,,Algozini Plumbing,,,,303 E 76th St.,,New York,10021,,New York,United States,303 E 76th St.
uesplumbingheatcool@yahoo.com,2123773047,,UES Plumbing Heating & Cooling,www.uesplumbingheatingandcooling.info,,,314 E 70th St.,,New York,10021,,New York,United States,314 E 70th St.
info@fredsmithplumbing.com,2127441300,,Fred Smith Plumbing & Heating Co.,www.fredsmithplumbing.com,,,1674 First Avenue,,New York,10021,,New York,United States,1674 First Avenue
lexingtonplumbingsewerdrain@yahoo.com,2123772650,,Lexington Plumbing Sewer & Drain,www.lexingtonplumbingseweranddrain.info,,,958 Lexington Ave.,,New York,10021,,New York,United States,958 Lexington Ave.
,2129371133,,1 Way Plumbing,,,,218 E 72nd St.,,New York,10021,,New York,United States,218 E 72nd St.
,8666090874,,General Plumbing,,,,1430 1st Ave.,,New York,10021,,New York,United States,1430 1st Ave.
,2127341224,,Ideal Plumbing,,,,432 E 75th St 3rd Floor,,New York,10021,,New York,United States,432 E 75th St 3rd Floor
,8664140950,,Manhattan Plumber,,,,83 E 72nd St.,,New York,10021,,New York,United States,83 E 72nd St.
,8665991055,,Broadway Plumbing  ,,,,570 E 72nd St.,,New York,10021,,New York,United States,570 E 72nd St.
katherynpegram8109@aol.com,9147675627,,Scarsdale Plumbing,,,,898 Madison Ave.,,New York,10021,,New York,United States,898 Madison Ave.
,8664756712,,Downtown Plumbing,,,,20 E 69th St.,,New York,10021,,New York,United States,20 E 69th St.
,8665991058,,Big Apple Plumbing,,,,1430 E 75th St.,,New York,10021,,New York,United States,1430 E 75th St.
tabtegevil1978@yahoo.com,6512127745,,24/7 Drain Cleaning Service in Saint Paul Park,,,,1439 1st Avenue,,New York,10021,,New York,United States,1439 1st Avenue
angelssewerdrain@yahoo.com,2122930800,,Angels Sewer & Drain Cleaning,www.angelsseweranddraincleaning.info,,,1278 3rd Ave.,,New York,10021,,New York,United States,1278 3rd Ave.
,2129371149,,Admond Plumbing,,,,147 Amsterdam Ave.,,New York,10023,,New York,United States,147 Amsterdam Ave.
speedysplumbingheatingservice@yahoo.com,2123772951,,Speedy's Plumbing Heating Service,www.speedysplumbingheatingservice.info,,,2014 Broadway,,New York,10023,,New York,United States,2014 Broadway
weat70thplumbingandheat@yahoo.com,2123773279,,Weat 70th Plumbing & Heating,www.weat70thplumbingandheating.info,,,103 W 70th St.,,New York,10023,,New York,United States,103 W 70th St.
,2123772988,,Tecumseh Plumbing & Heating,,,,320 Amsterdam Ave.,,New York,10023,,New York,United States,320 Amsterdam Ave.
westendplumbingandheating@yahoo.com,2122931595,,West End Plumbing & Heating,www.westendplumbingandheating.info,,,55 West End Ave.,,New York,10023,,New York,United States,55 West End Ave.
Info@GmbHvacInc.com,9174005914,,GMB HVAC Inc.,www.gmbhvacinc.com,,,2131 Broadway,,New York,10023,,New York,United States,2131 Broadway
west114thplumbingsewerdrain@yahoo.com,2123773280,,West 114th Plumbing & Sewer,www.west114thplumbingandsewer.info,,,300 W 114th St.,,New York,10026,,New York,United States,300 W 114th St.
centralparknorthplumbing@yahoo.com,2122931328,,Central Park North Plumbing & Heating,www.centralparknorthplumbingandheating.info,,,119 W 116th St.,,New York,10026,,New York,United States,119 W 116th St.
,9175226280,,Neighborhood Plumbing,,,,27 Malcolm X Blvd.,,New York,10026,,New York,United States,27 Malcolm X Blvd.
,6464949308,,NYC Air Conditioning Service & Repair,,,,222 W 116th St.,,New York,10026,,New York,United States,222 W 116th St.
,2128642441,,Zalismah Contracting,,,,246 W 116th St.,,New York,10026,,New York,United States,246 W 116th St.
,3478926535,,E-Z Way Maintenance,,,,216 W 111th St Apt2E,,New York,10026,,New York,United States,216 W 111th St Apt2E
,7187777177,,American Plumbing & Rooter,,,,249 E 115th St.,,New York,10029,,New York,United States,249 E 115th St.
,2124100044,,AABC Plumbing,,,,172 E 112th St.,,New York,10029,,New York,United States,172 E 112th St.
,2128287701,,Hausman Plumbing Inc.,,,,420 E 111th St.,,New York,10029,,New York,United States,420 E 111th St.
eastharlemplumb@yahoo.com,2122931494,,East Harlem Plumbing & Heating,www.eastharlemplumbingandheating.info,,,224 E 116th St.,,New York,10029,,New York,United States,224 E 116th St.
,2124266737,,D.H Eagle Plumbing LLC,www.eagleplumbingllc.com,,,2250 2nd Ave.,,New York,10029,,New York,United States,2250 2nd Ave.
,2127220015,,Emco Plumbing & Heating,,,,303 E 111th St.,,New York,10029,,New York,United States,303 E 111th St.
,3474078475,,Harlem Real Plumbers,,,,2295 Adam Clayton Powell Jr Blvd Apt 2,,New York,10030,,New York,United States,2295 Adam Clayton Powell Jr Blvd Apt 2
,9143138530,,VP's Plumbing Heating & Air,,,,200 W 138th St.,,New York,10030,,New York,United States,200 W 138th St.
,2123772613,,Hamilton Heights Emergency Plumbing & Heating,,,,210 W 136th St.,,New York,10030,,New York,United States,210 W 136th St.
info@allsmileschildcare.com,2122340808,,All Pro Air Conditioning-Heating,,,,100 W 139th St.,,New York,10030,,New York,United States,100 W 139th St.
,2122811700,,Profound Contracting Inc.,,,,2394 Adam Clayton Powell Jr Blvd.,,New York,10030,,New York,United States,2394 Adam Clayton Powell Jr Blvd.
,3473268351,,AGM Technology & Construction,,,,175 W 137th St.,,New York,10030,,New York,United States,175 W 137th St.
,6469187018,,Kel Tech Construction,,,,301 W 140th St.,,New York,10030,,New York,United States,301 W 140th St.
,8774263998,,Champion Restoration & Cleaning Service,,,,2527A Frederick Douglass Blvd.,,New York,10030,,New York,United States,2527A Frederick Douglass Blvd.
,6465435763,,24/7 Manhattan Plumbing,,,,3441 Broadway,,New York,10031,,New York,United States,3441 Broadway
,2122930798,,Amsterdam Plumbing Heating & Cooling,,,,1536 Amsterdam Ave.,,New York,10031,,New York,United States,1536 Amsterdam Ave.
plumbinglaser@gmail.com,2122812538,,Laser PLumbing,,,,380 Convent Ave.,,New York,10031,,New York,United States,380 Convent Ave.
MThePlumber@aol.com,2124917019,,De Roza & Watson Plumbing & Heating Inc.,,,,1809 Amsterdam Ave.,,New York,10031,,New York,United States,1809 Amsterdam Ave.
,8772890651,,Rosales Plumbers,,,,508 W 145th St.,,New York,10031,,New York,United States,508 W 145th St.
,2122832700,,Quality Air Conditioning,,,,465 W 148th St Bsmt 1,,New York,10031,,New York,United States,465 W 148th St Bsmt 1
,2122831456,,Santana Heating & Cooling,,,,507 W 147th St.,,New York,10031,,New York,United States,507 W 147th St.
edgecombplumbinganddrain@yahoo.com,2122931496,,Edgecomb Plumbing & Drain,www.edgecombplumbinganddrain.info,,,433 Edgecomb Ave.,,New York,10032,,New York,United States,433 Edgecomb Ave.
forthwashingtonplumbingandheating@yahoo.com,2122931556,,Fort Washington Plumbing,www.fortwashingtonplumbingandheating.info,,,128 Fort Washington Ave.,,New York,10032,,New York,United States,128 Fort Washington Ave.
mckennasquareplumbingandheat@yahoo.com,2123772725,,McKenna Square Plumbing & Heating,www.mckennasquareplumbingandheating.info,,,53 Audubon Ave.,,New York,10032,,New York,United States,53 Audubon Ave.
,2122347473,,Robert Star Plumbing & Heating Co.,,,,498 W 158th St Unit 2,,New York,10032,,New York,United States,498 W 158th St Unit 2
,6466493922,,Coniyo Plumbing,,,,517 W 171st St.,,New York,10032,,New York,United States,517 W 171st St.
,8883561341,,Sure Plumbing & Drain,,,,12 Sylvan Ter,,New York,10032,,New York,United States,12 Sylvan Ter
,2123773274,,Washington Heights Sewer & Drain,,,,562 W 175th St.,,New York,10033,,New York,United States,562 W 175th St.
audubonplumbingheating@yahoo.com,2122930801,,Audubon Plumbing Heating & Drain,www.audubonplumbingheatinganddrain.info,,,288 Audubon Ave.,,New York,10033,,New York,United States,288 Audubon Ave.
pinehurstplumbingandheating@yahoo.com,2123772770,,Pinehurst Plumbing & Heating,www.pinehurstplumbingandheating.info,,,186 Pinehurst Ave.,,New York,10033,,New York,United States,186 Pinehurst Ave.
broadwayplumbingandsewer@yahoo.com,2122931151,,Broadway Plumbing & Sewer,www.broadwayplumbingandsewer.info,,,4211 Broadway,,New York,10033,,New York,United States,4211 Broadway
washingtonhghtsplumbingheatcool@yahoo.com,2123773273,,Washington Heights Plumbing Heating & Cooling,www.washingtonheightsplumbingheatingcooling.info,,,806 W 187th St.,,New York,10033,,New York,United States,806 W 187th St.
,8888205862,,Ceibba Plumbing,,,,84 Vermilyea Ave.,,New York,10034,,New York,United States,84 Vermilyea Ave.
,8665128325,,Dyckman Plumbing,,,,540 Dyckman St.,,New York,10034,,New York,United States,540 Dyckman St.
,6465092193,,1 Day All Day Emergency Plumbing,,,,147 Sherman Ave.,,New York,10034,,New York,United States,147 Sherman Ave.
,2129421011,,Dewaters Plumbing & Heating,,,,431 W 218th St.,,New York,10034,,New York,United States,431 W 218th St.
mappcooling@gmail.com,8889284822,,Mapp Cooling Services,,,,4768 Broadway,,New York,10034,,New York,United States,4768 Broadway
,2123772929,,Simon Plumbing Heating & Cooling,,,,251 E 119th St.,,New York,10035,,New York,United States,251 E 119th St.
,2124266282,,Crown Plumbing Inc.,,,,185 E 123rd St.,,New York,10035,,New York,United States,185 E 123rd St.
,2128932700,,Express Plumbing,,,,210 E 119th St #1,,New York,10035,,New York,United States,210 E 119th St #1
,2123696273,,Asa Plumbing Heating,,,,235 E 123rd St.,,New York,10035,,New York,United States,235 E 123rd St.
,2124106800,,Ozery Plumbing & Heating,,,,206 E 119th St #1F,,New York,10035,,New York,United States,206 E 119th St #1F
marcusgarveyplumbingandheat@yahoo.com,2123772720,,Marcus Garvey Plumbing & Heating,www.marcusgarveyplumbingandheating.info,,,10 E 125th St.,,New York,10035,,New York,United States,10 E 125th St.
,9147793800,,Drain Kleen,,,,2290 2nd Ave.,,New York,10035,,New York,United States,2290 2nd Ave.
,2125182146,,24 Hour Emergency Plumbing,,,,30 E 125th St.,,New York,10035,,New York,United States,30 E 125th St.
fifthaveplumbingheating@yahoo.com,2122930791,,5th Ave Plumbing & Heating,www.5thaveplumbingandheating.info,,,2254 5th Ave.,,New York,10037,,New York,United States,2254 5th Ave.
,8663590360,,D & S Plumbing,,,,566 Malcolm X Blvd.,,New York,10037,,New York,United States,566 Malcolm X Blvd.
,2123289126,,Plumbers of New York,,,,3 W 137th St.,,New York,10037,,New York,United States,3 W 137th St.
catherineplumbingandheating@yahoo.com,2122931327,,Catherine Plumbing & Heating,www.catherineplumbingandheating.info,,,19 Catherine St.,,New York,10038,,New York,United States,19 Catherine St.
info@wdfinc.net,2126961124,,WDF Inc.,www.wdfinc.net,,,150 Broadway #1910,,New York,10038,,New York,United States,150 Broadway #1910
broadwayplumbingsewerdrain@yahoo.com,2122931218,,Broadway Plumbing Sewer & Drain,www.broadwayplumbingseweranddrain.info,,,180 Broadway,,New York,10038,,New York,United States,180 Broadway
,9179245900,,Cain Repair,,,,111 John St.,,New York,10038,,New York,United States,111 John St.
fultonstplumbingheatingcooling@yahoo.com,2122931560,,Fulton Street Plumbing Heating & Cooling,www.fultonstreetplumbingheatingandcooling.info,,,150 Fulton St.,,New York,10038,,New York,United States,150 Fulton St.
maidenlaneplumbingandheating@yahoo.com,2123772689,,Maiden Lane Plumbing & Heating,www.maidenlaneplumbingandheating.info,,,21 Maiden Ln.,,New York,10038,,New York,United States,21 Maiden Ln.
nagleplumbingandheating@yahoo.com,2125679071,,Nagle Plumbing & Heating,www.nagleplumbingandheating.info,,,104 Nagle Ave.,,New York,10040,,New York,United States,104 Nagle Ave.
saintnicholasplumbingandheating@yahoo.com,2123772922,,Saint Nicholas Plumbing & Heating,www.saintnicholasplumbingandheating.info,,,1623 St Nicholas Ave.,,New York,10040,,New York,United States,1623 St Nicholas Ave.
gormanparkplumbingheating@yahoo.com,2122931562,,Gorman Park Plumbing & Heating,www.gormanparkplumbingandheating.info,,,621 W 188th St.,,New York,10040,,New York,United States,621 W 188th St.
,8663591150,,Uptown Plumbing,,,,470 W 188th St.,,New York,10040,,New York,United States,470 W 188th St.
,3472051767,,Reynoso Heating & Cooling LLC,,,,574 W 192nd Street,,New York,10040,,New York,United States,574 W 192nd Street
,6462405460,,Mones Refrigeration HVAC,www.monesrefrigeration.com,,,131 Fort George Ave Suite 2C,,New York,10040,,New York,United States,131 Fort George Ave Suite 2C
,9176348888,,Hub Plumbing & Mechanical,www.hubplumbingnyc.com,,,103 Charles St.,,New York,10041,,New York,United States,103 Charles St.
,3152840607,,G & S Plumbers,,,,97 Chambers St.,,New York,10041,,New York,United States,97 Chambers St.
,6162448593,,Plumber New York,www.plumbernycny.com,,,95 Frankfort St.,,New York,10041,,New York,United States,95 Frankfort St.
,9175122385,,East Village Plumbers,,,,156 2nd Ave.,,New York,10041,,New York,United States,156 2nd Ave.
,2126826455,,Little Italy Plumbing,,,,186 Grand St.,,New York,10041,,New York,United States,186 Grand St.
bayardplumbingheating@yahoo.com,2122930961,,Bayard Plumbing Heating & Drain,www.bayberryplumbingandheating.info,,,83 Bayard St.,,New York,10041,,New York,United States,83 Bayard St.
west55thseweranddraincleaning@yahoo.com,2122931589,,West 55th Sewer & Drain Cleaning,www.west55thseweranddraincleaning.info,,,230 W 55th St.,,New York,10043,,New York,United States,230 W 55th St.
,6162448593,,Plumber New York,,,,95 Frankfort St.,,New York,10043,,New York,United States,95 Frankfort St.
,3152840607,,G & S PLumbers,,,,97 Chambers St.,,New York,10043,,New York,United States,97 Chambers St.
,9175122385,,East Village Plumbers,,,,156 2nd Ave.,,New York,10043,,New York,United States,156 2nd Ave.
estimating@finalygc.com,2127600335,,Finaly General Contractors,www.finalygc.com,,,130 W 29th St.,,New York,10043,,New York,United States,130 W 29th St.
sales@biosafeone.com,8664246663,,Bio-Safe One Inc.,www.biosafeone.com,,,1562 1st Ave Suite 221,,New York,10044,,New York,United States,1562 1st Ave Suite 221
,6466933679,,Holt HVAC Contractors,www.holt-hvac-contractors.jimdosite.com,,,115 W 30th St.,,New York,10044,,New York,United States,115 W 30th St.
,2126242398,,Khamari General Contractors,,,,840 Columbus Ave.,,New York,10044,,New York,United States,840 Columbus Ave.
,9293252750,,Kraus HVAC Repair,,,,418 E 75th St.,,New York,10044,,New York,United States,418 E 75th St.
mariotenamore2118@aol.com,4694236040,,Kiest Plumbing,,,,1142 3rd Ave.,,New York,10065,,New York,United States,1142 3rd Ave.
,3477628941,,New York City Sewer Plumbing,,,,118 E 65th St.,,New York,10065,,New York,United States,118 E 65th St.
,2123289131,,7 Days Plumbing,,,,773 Lexington Ave.,,New York,10065,,New York,United States,773 Lexington Ave.
yorkplumbingandheating@yahoo.com,2122931601,,York Plumbing & Heating,www.yorkplumbingandheating.info,,,1619 York Ave.,,New York,10075,,New York,United States,1619 York Ave.
uesplumbingheatcool@yahoo.com,2123773047,,UES Plumbing Heating & Cooling,www.uesplumbingheatingandcooling.info,,,314 E 70th St.,,New York,10075,,New York,United States,314 E 70th St.
angelssewerdrain@yahoo.com,2122930800,,Angels Sewer & Drain Cleaning,www.angelsseweranddraincleaning.info,,,1278 3rd Ave.,,New York,10075,,New York,United States,1278 3rd Ave.
,5162713754,,Robbins Plus HVAC,,,,328 E 106th St.,,New York,10075,,New York,United States,328 E 106th St.
,2129719205,,NYC Air Conditioning Repair,www.nyc-airconditioning-repair.com,,,330 E 75th St.,,New York,10075,,New York,United States,330 E 75th St.
fdrplumbingandheating@yahoo.com,2122931536,,FDR Plumbing & Heating,www.fdrplumbingandheating.info,,,300 E 96th St.,,New York,10128,,New York,United States,300 E 96th St.
,3472637256,,Gracie Plumbing NYC,,,,420 E 89th St.,,New York,10128,,New York,United States,420 E 89th St.
east90thstplumbingandheating@yahoo.com,2122931442,,East 90th St Plumbing & Heating,www.east90thplumbingandheating.info,,,21 E 90th St.,,New York,10128,,New York,United States,21 E 90th St.
copperplumbinginc@gmail.com,2128318242,,Copper Mechanical Inc.,www.copperplumbinginc.com,,,1747 1st Ave.,,New York,10128,,New York,United States,1747 1st Ave.
lexingtonplumbingheatingcooling@yahoo.com,2123772651,,Lexington Plumbing Heating & Cooling,www.lexingtonplumbingheatingandcooling.info,,,1297 Lexington Ave.,,New York,10128,,New York,United States,1297 Lexington Ave.
,8669392810,,Johnny's Plumbing,,,,1645 3rd Ave.,,New York,10128,,New York,United States,1645 3rd Ave.
corsonaveplumbers@yahoo.com,7182101799,,Corson Ave Plumbers,www.corsonaveplumbers.info,,,7 Corson Ave.,,Staten Island,10301,,New York,United States,7 Corson Ave.
lafayetteplumbingsewers@yahoo.com,7182104142,,Lafayette Plumbing & Sewers,www.lafayetteplumbingandsewers.info,,,143 Lafayette Ave.,,Staten Island,10301,,New York,United States,143 Lafayette Ave.
,7184488706,,Demerac Plumbing & Heating,,,,422 Castleton Ave.,,Staten Island,10301,,New York,United States,422 Castleton Ave.
,7189817010,,Signoriello Plumbing & Heating,,,,114 Van Duzer St.,,Staten Island,10301,,New York,United States,114 Van Duzer St.
,7182730982,,BB Plumbing Heating Co. of NY,,,,91 Ridgewood Pl.,,Staten Island,10301,,New York,United States,91 Ridgewood Pl.
statenislandsewerdrain@yahoo.com,7182109666,,Staten Island Sewer & Drain,www.statenislandseweranddrain.info,,,424 Forest Ave.,,Staten Island,10301,,New York,United States,424 Forest Ave.
marksbrothersplumbingheat@yahoo.com,7182104144,,Marks Brothers Plumbing & Heating,www.marksbrothersplumbingandheating.info,,,11 Schuyler St.,,Staten Island,10301,,New York,United States,11 Schuyler St.
deereparkplumbing@yahoo.com,7182101800,,Deere Park Plumbing,www.deereparkplumbing.info,,,357 Deere Park Pl.,,Staten Island,10301,,New York,United States,357 Deere Park Pl.
hartfordsonsplumbing@yahoo.com,7182101803,,Hartford & Sons Plumbing Heating & Cooling,www.hartfordandsonsplumbingheatingandcooling.info,,,10 Daniel Low Ter,,Staten Island,10301,,New York,United States,10 Daniel Low Ter
millersonsplumbing@yahoo.com,7182104146,,Miller & Sons Plumbing & Heating,www.millerandsonsplumbingandheating.info,,,8 St Pauls Ave,,Staten Island,10301,,New York,United States,8 St Pauls Ave
westplumbingheating@yahoo.com,7182696394,,West Plumbing & Heating,www.westplumbingandheating.info,,,145 Westervelt Ave.,,Staten Island,10301,,New York,United States,145 Westervelt Ave.
,7184420464,,Watters Plumbing Supl Corporation,,,,55 Church St.,,Staten Island,10302,,New York,United States,55 Church St.
,7187279775,,Able Plumbing Company,,,,364 Decker Ave. #3,,Staten Island,10302,,New York,United States,364 Decker Ave. #3
,7184476505,,Palmer Plumbing & Heating Office,,,,1251 Forest Ave.,,Staten Island,10302,,New York,United States,1251 Forest Ave.
info@jpiplumbing.com,7187279100,,JPI Plumbing & Heating Inc.,www.jpiplumbing.com,,,93 Heberton Ave.,,Staten Island,10302,,New York,United States,93 Heberton Ave.
jacksonplumbheatcool@yahoo.com,7182696880,,Jackson Plumbing Heating & Cooling,www.jacksonplumbingheatingandcooling.info,,,9 Walker St.,,Staten Island,10302,,New York,United States,9 Walker St.
,7182696881,,Judson's Plumbing Heating & Cooling,,,,1566 Forest Ave.,,Staten Island,10302,,New York,United States,1566 Forest Ave.
castletonreliableplumbing@yahoo.com,7182696396,,Castleton Reliable Plumbing,www.castletonreliableplumbing.info,,,1564 Castleton Ave.,,Staten Island,10302,,New York,United States,1564 Castleton Ave.
,7188554445,,Tri-Star Plumbing & Heating,,,,2860 Richmond Ter,,Staten Island,10303,,New York,United States,2860 Richmond Ter
,7189845880,,Patriot Plumbing & Heating,www.heatingcontractornyc.com,,,201 Arlington Ave.,,Staten Island,10303,,New York,United States,201 Arlington Ave.
info@ableislandplumbing.com,7189814410,,Able Island Plumbing,www.ableislandplumbing.com,,,40 Lasalle St.,,Staten Island,10303,,New York,United States,40 Lasalle St.
,7188168001,,Pitman Plumbing & Heating,,,,201 Arlington Ave #8,,Staten Island,10303,,New York,United States,201 Arlington Ave #8
,7182696886,,Borowide Plumbing & Heating,,,,262 Pulaski Ave.,,Staten Island,10303,,New York,United States,262 Pulaski Ave.
,7182730301,,Bay Plumbing Inc.,,,,94 Davidson St.,,Staten Island,10303,,New York,United States,94 Davidson St.
,7185560600,,KCM Plumbing & Heating,www.kcmplumbing.us,,,198 Pulaski Ave.,,Staten Island,10303,,New York,United States,198 Pulaski Ave.
carlsplumbheat@yahoo.com,7182696885,,Carl's Plumbing & Heating,www.carlsplumbingandheating.info,,,300 Western Ave.,,Staten Island,10303,,New York,United States,300 Western Ave.
,7182696895,,Wright Way PLumbing & Heating,,,,91 Wright Ave.,,Staten Island,10303,,New York,United States,91 Wright Ave.
terryplumbingheating@yahoo.com,7182696894,,Terry's Plumbing & Heating,www.terrysplumbingandheating.info,,,2952 Richmond Ter,,Staten Island,10303,,New York,United States,2952 Richmond Ter
jesseplumbheat@yahoo.com,7182696890,,Jesse's Plumbing & Heating,www.jessesplumbingandheating.info,,,351 Walker St.,,Staten Island,10303,,New York,United States,351 Walker St.
preciseplumbing@yahoo.com,7189099640,,Precise Plumbing & Heating,www.preciseplumbingny.com,,,354 Front St.,,Staten Island,10304,,New York,United States,354 Front St.
,7182737330,,Platinum Plumbing & Heating,,,,66 Broad St.,,Staten Island,10304,,New York,United States,66 Broad St.
,7189797981,,Interboro Plumbing,,,,643 N Railroad Ave.,,Staten Island,10304,,New York,United States,643 N Railroad Ave.
chris@aplusplumbingnyc.com,7186053900,,A Plus Plumbing,www.aplusplumbingnyc.com,,,141 Seaview Ave.,,Staten Island,10304,,New York,United States,141 Seaview Ave.
,2127586237,,Dial Plumber Inc.,,,,87 Overlook Ave.,,Staten Island,10304,,New York,United States,87 Overlook Ave.
,7184471923,,Tinervia Plumbing & Heating LLC,,,,205 Canal St.,,Staten Island,10304,,New York,United States,205 Canal St.
,7183629599,,A to Z Master Plumbing Plus,,,,389 Van Duzer St.,,Staten Island,10304,,New York,United States,389 Van Duzer St.
parkpluming@yahoo.com,7182696903,,Park Hill Plumbing & Heating,www.parkhillplumbingandheating.info,,,280 Park Hill Ave.,,Staten Island,10304,,New York,United States,280 Park Hill Ave.
,7189812966,,Spinelli Plumbing & Heating Inc.,,,,838 Bay St.,,Staten Island,10304,,New York,United States,838 Bay St.
masterplumbing1@yahoo.com,7182696915,,Master Plumbers,www.master-plumbers.com,,,138 Fingerboard Rd.,,Staten Island,10305,,New York,United States,138 Fingerboard Rd.
,7187270803,,RB Mechanical,,,,150 Lynhurst Ave.,,Staten Island,10305,,New York,United States,150 Lynhurst Ave.
info@villageplumbingnyc.com,7189810800,,Village Plumbing & Heat,www.cillageplumbernyc.com,,,159 Sand Ln.,,Staten Island,10305,,New York,United States,159 Sand Ln.
,7189790846,,RCI Plumbing Inc.,,,,294 Garretson Ave.,,Staten Island,10305,,New York,United States,294 Garretson Ave.
,3479200888,,Andy Plumbing,,,,335 Clifton Ave.,,Staten Island,10305,,New York,United States,335 Clifton Ave.
northplumbing1@yahoo.com,7182696917,,Northman's Plumbing & Heating,www.northmansplumbingandheating.info,,,59 St Marys Ave.,,Staten Island,10305,,New York,United States,59 St Marys Ave.
docksheatingplumbing@yahoo.com,7182696918,,Oceanside Ave Plumbing & Heating,www.oceansideaveplumbingandheating.info,,,643 Oceanside Ave.,,Staten Island,10305,,New York,United States,643 Oceanside Ave.
,7182008594,,AAA Plumbing & Heating Co.,,,,182 Mallory Ave.,,Staten Island,10305,,New York,United States,182 Mallory Ave.
oceanplumbingheating@yahoo.com,7182696919,,Oceanview Plumbing & Heating,www.oceanviewplumbingandheating.info,,,124 Ocean Ave.,,Staten Island,10305,,New York,United States,124 Ocean Ave.
,7182696920,,Parkinson Plumbing Heating & Cooling,,,,118 Parkinson Ave.,,Staten Island,10305,,New York,United States,118 Parkinson Ave.
joesplumbing55@yahoo.com,7182696914,,Joe's Plumbing & Heating,www.joesplumbingandheating.info,,,6 Galesville Ct.,,Staten Island,10305,,New York,United States,6 Galesville Ct.
,9175881436,,Island Plumbing & Heating Service,,,,36 Marie St.,,Staten Island,10305,,New York,United States,36 Marie St.
,7189843011,,Aaron Plumbing & Mechanical Systems Inc.,,,,7220 Amboy Rd.,,Staten Island,10307,,New York,United States,7220 Amboy Rd.
,7189484200,,En Plumbing Heating & Mechanical LLC,,,,7334 Amboy Rd.,,Staten Island,10307,,New York,United States,7334 Amboy Rd.
,7183567676,,M Air Conditioning & Plumbing,,,,7307 Amboy Rd.,,Staten Island,10307,,New York,United States,7307 Amboy Rd.
avenueplumbingpage@yahoo.com,7185695364,,Page Avenue Plumbing,www.pageavenueplumbing.info,,,289 Page Ave.,,Staten Island,10307,,New York,United States,289 Page Ave.
plumbingheatingmain@yahoo.com,7182696943,,Main Street Plumbing,www.mainstreetplumbing.info,,,232 Main St.,,Staten Island,10307,,New York,United States,232 Main St.
,7185695362,,Jacob Plumbing Heating & Cooling,,,,7517 Amboy Rd.,,Staten Island,10307,,New York,United States,7517 Amboy Rd.
,7189668600,,A & A Plumbing Heating Air Conditioning,,,,293 Chelsea St #2,,Staten Island,10307,,New York,United States,293 Chelsea St #2
,7189484962,,Roberts Plumbing & Heating,,,,36 Linton Pl.,,Staten Island,10308,,New York,United States,36 Linton Pl.
twobrothersplumbingheating@yahoo.com,7185695373,,Two Brothers Plumbing Heating & Cooling,www.twobrothersplumbingheatingandcooling.info,,,27 Brower Ct.,,Staten Island,10308,,New York,United States,27 Brower Ct.
brookfieldplumber@yahoo.com,7182696944,,Dan's Sewer & Drain Cleaning,www.dansseweranddraincleaning.info,,,3 Brookfield Ave.,,Staten Island,10308,,New York,United States,3 Brookfield Ave.
,7182737970,,Richmond Plumbing & Heating,www.richmondplumbingny.com,,,318 Clove Rd.,,Staten Island,10310,,New York,United States,318 Clove Rd.
asappandh@yahoo.com,3322395289,,ASAP Plumbing & Heating Inc.,www.asappandh.com,,,389 Pelton Ave.,,Staten Island,10310,,New York,United States,389 Pelton Ave.
rjsplumbingheating@yahoo.com,9177915457,,RJ's Plumbing & Heating,www.rjsplumbingandheating.info,,,680 Cary Ave.,,Staten Island,10310,,New York,United States,680 Cary Ave.
,9294156017,,High Rise Plumbing Corp.,,,,1828 Richmond Terrace,,Staten Island,10310,,New York,United States,1828 Richmond Terrace
,7186821865,,American Drain Cleaning,,,,145 Mathews Ave.,,Staten Island,10310,,New York,United States,145 Mathews Ave.
,7187200183,,JFR Construction,www.jfrconstructioncorp.net,,,16 N Mada Ave.,,Staten Island,10310,,New York,United States,16 N Mada Ave.
info@spartakusplumbing.com,7187203344,,Spartakus Plumbing & Heating,www.spartakusplumbing.com,,,150 Clove Rd.,,Staten Island,10310,,New York,United States,150 Clove Rd.
taylorplumbingandheating@yahoo.com,7186835833,,Taylor Plumbing & Heating,www.taylorplumbingandheating.info,,,259 Taylor St.,,Staten Island,10310,,New York,United States,259 Taylor St.
,7186053400,,Pipe Dreams Plumbers Group Inc.,,,,109 Vineland Ave.,,Staten Island,10312,,New York,United States,109 Vineland Ave.
statenislandplumbing@yahoo.com,7185695404,,Staten Island Plumbing Heating,www.statenislandplumbingheatingandcooling.info,,,300 Courtelyou Ave.,,Staten Island,10312,,New York,United States,300 Courtelyou Ave.
nicksph123@yahoo.com,7186835837,,Nick's Plumbing & Heating,www.nicksplumbingandheating.info,,,21 Prall Ave.,,Staten Island,10312,,New York,United States,21 Prall Ave.
woodrowplumbingheat@yahoo.com,7186835840,,Woodrow Plumbing & Heating,www.woodrowplumbingandheating.info,,,566 Woodrow Rd.,,Staten Island,10312,,New York,United States,566 Woodrow Rd.
,7186050450,,Philco Plumbing,,,,263 Albee Ave.,,Staten Island,10312,,New York,United States,263 Albee Ave.
,7189488137,,Hadera Plumbing & Heating,,,,145 Serrell Ave.,,Staten Island,10312,,New York,United States,145 Serrell Ave.
,7189484259,,Kevin J Hogan,,,,12 Eltingville Blvd.,,Staten Island,10312,,New York,United States,12 Eltingville Blvd.
,7184947301,,Empire Plumbing Inc.,,,,3773 Victory Blvd.,,Staten Island,10314,,New York,United States,3773 Victory Blvd.
ardmorephc@yahoo.com,7186835842,,Ardmore Plumbing Heating & Cooling,www.ardmoreplumbingheatingandcooling.info,,,238 Ardmore Ave.,,Staten Island,10314,,New York,United States,238 Ardmore Ave.
,7189667419,,Steven Thomas Heating & Plumbing,,,,104 Maine Ave.,,Staten Island,10314,,New York,United States,104 Maine Ave.
,7186980090,,Pipe Rite Corp.,,,,4340 Victory Blvd.,,Staten Island,10314,,New York,United States,4340 Victory Blvd.
,7187202540,,Anthony M Diana Plumbing & Heating,,,,1878 Victory Blvd.,,Staten Island,10314,,New York,United States,1878 Victory Blvd.
,7182730982,,Silverlake Plumbing & Heating,,,,4370 Victory Blvd.,,Staten Island,10314,,New York,United States,4370 Victory Blvd.
,6468523281,,Keith French Plumbing Solutions,,,,39 Essex Drive,,Staten Island,10314,,New York,United States,39 Essex Drive
dawsonphc@yahoo.com,7186835848,,Dawson Plumbing Heating & Cooling,www.dawsonplumbingheatingandcooling.info,,,69 Dawson Cir,,Staten Island,10314,,New York,United States,69 Dawson Cir
,7185854540,,Reihm Plumbing Corp.,,,,2417 3rd Ave.,,Bronx,10451,,New York,United States,2417 3rd Ave.
sheridanplumbingandheat@yahoo.com,7189242701,,Sheridan Plumbing & Heating,www.sheridanplumbingandheating.info,,,917 Sheridan Ave.,,Bronx,10451,,New York,United States,917 Sheridan Ave.
camelotplumbingandheat@yahoo.com,7189242699,,Camelot Plumbing & Heating,www.camelotplumbingandheating.info,,,232 E 144th St.,,Bronx,10451,,New York,United States,232 E 144th St.
morrisaveplumbingandheat@yahoo.com,7189242700,,Morris Ave Plumbing & Heating,www.morrisaveplumbingandheating.info,,,584 Morris Ave.,,Bronx,10451,,New York,United States,584 Morris Ave.
,3474664224,,Morrisania HVAC & Plumbing Services,,,,3225 3rd Ave Suite 238,,Bronx,10451,,New York,United States,3225 3rd Ave Suite 238
,3322395390,,Nianday Plumbing & Sewer,www.niandayplumbingandsewer.com,,,1211 University Ave.,,Bronx,10452,,New York,United States,1211 University Ave.
,7189914525,,Bruckner Plumbing Limited,,,,1419 Inwood Ave.,,Bronx,10452,,New York,United States,1419 Inwood Ave.
service@triplumbing.com,2125630341,,Tri State Plumbing,www.triplumbing.com,,,1431 Cromwell Ave.,,Bronx,10452,,New York,United States,1431 Cromwell Ave.
e170thstplumbinganddrain@yahoo.com,7189242702,,East 170th St Plumbing & Drain,www.east170thplumbinganddrain.info,,,167 E 170th St.,,Bronx,10452,,New York,United States,167 E 170th St.
e171stplumbingandheat@yahoo.com,7189242703,,East 171st St Plumbing & Heating,www.east171stplumbingandheating.info,,,152 E 171st St.,,Bronx,10452,,New York,United States,152 E 171st St.
,9294456479,,Dazzling Plumbing Service Plumbers,,,,97 E 165th St.,,Bronx,10452,,New York,United States,97 E 165th St.
,7182947460,,Ward Plumbing & Heating Corp.,,,,1822 Cedar Ave.,,Bronx,10453,,New York,United States,1822 Cedar Ave.
w183rdstplumbingandheat@yahoo.com,7189242707,,West 183rd St Plumbing & Heating,www.west183rdstplumbingandheating.info,,,32 W 183rd St.,,Bronx,10453,,New York,United States,32 W 183rd St.
morrisplumbingandheat@yahoo.com,7189242706,,Morris Plumbing & Heating,www.morrisplumbingandheating.info,,,2258 Morris Ave.,,Bronx,10453,,New York,United States,2258 Morris Ave.
burnsideaveplumbinganddrain@yahoo.com,7189242705,,Burnside Ave Plumbing & Drain,www.burnsideaveplumbinganddrain.info,,,121 E Burnside Ave.,,Bronx,10453,,New York,United States,121 E Burnside Ave.
,8883750358,,True Plumbing & Drain,,,,26 W Burnside Ave.,,Bronx,10453,,New York,United States,26 W Burnside Ave.
marketing@nyps1.com,2126784900,,New York Plumbing Supply,www.nyps1.com,,,595 Bruckner Blvd.,,Bronx,10455,,New York,United States,595 Bruckner Blvd.
,7183280900,,H & B Plumbing & Heating,,,,423 E 152nd St.,,Bronx,10455,,New York,United States,423 E 152nd St.
stannsplumbingandheat@yahoo.com,7189242713,,Saint Anns Plumbing & Heating,www.saintannsplumbingandheating.info,,,140 St Anns Ave.,,Bronx,10455,,New York,United States,140 St Anns Ave.
westchesteraveplumbingandsewer@yahoo.com,7189242714,,Westchester Ave Plumbing & Sewer,www.westchesteraveplumbingandsewer.info,,,650 Westchester Ave.,,Bronx,10455,,New York,United States,650 Westchester Ave.
e155thstplumbinganddrain@yahoo.com,7189242712,,East 155th St Plumbing & Drain,www.east155thstplumbinganddrain.info,,,467 E 155th St.,,Bronx,10455,,New York,United States,467 E 155th St.
e163rdstplumbheat@yahoo.com,7189242716,,East 163rd St Plumbing & Heating,www.east163rdstplumbingandheating.info,,,781 E 163rd St.,,Bronx,10456,,New York,United States,781 E 163rd St.
,7182930249,,LS Plumbing,,,,940 Sheridan Ave #1C,,Bronx,10456,,New York,United States,940 Sheridan Ave #1C
,9294456482,,Elite Plumbing Service Plumbers,,,,545 St Pauls Pl.,,Bronx,10456,,New York,United States,545 St Pauls Pl.
,7189242715,,Bronx Plumbing Heating & Cooling,,,,3742 3rd Ave.,,Bronx,10456,,New York,United States,3742 3rd Ave.
,7183673637,,Signore & Sons Plumbing Corp.,,,,2239 Webster Ave.,,Bronx,10457,,New York,United States,2239 Webster Ave.
,7185832524,,East Side Plumbing,,,,2001 Arthur Ave.,,Bronx,10457,,New York,United States,2001 Arthur Ave.
,9174737171,,TK Plumbing & Heating,,,,544 E 171st St.,,Bronx,10457,,New York,United States,544 E 171st St.
info@websterplumbingsupply.com,7185831600,,Webster Plumbing Supply Inc.,www.websterplumbingsupply.com,,,1758 Webster Ave.,,Bronx,10457,,New York,United States,1758 Webster Ave.
anthonyplumbing3@yahoo.com,7189242719,,Anthonys Plumbing & Heating Service,www.anthonysplumbingandheatingservice.info,,,2007 Anthony Ave.,,Bronx,10457,,New York,United States,2007 Anthony Ave.
m3rdavenueplumbing@yahoo.com,7189242724,,Bronx Plumbing & Heating,www.bronxplumbingandheating.info,,,4652 3rd Ave.,,Bronx,10458,,New York,United States,4652 3rd Ave.
office@dmtnyc.com,7188058550,,DMT Plumbing & Heating Corp.,www.dmtnyc.com,,,388 East 198th Street,,Bronx,10458,,New York,United States,388 East 198th Street
,7189242726,,Bedford Park Plumbing & Heating,,,,410 Bedford Park Blvd.,,Bronx,10458,,New York,United States,410 Bedford Park Blvd.
,9294456486,,Able Plumbing Service,,,,944 Aldus St.,,Bronx,10459,,New York,United States,944 Aldus St.
,7185425883,,J & J Heating & Fuel Oil Corp.,,,,1106 Hoe Ave.,,Bronx,10459,,New York,United States,1106 Hoe Ave.
alex41199@yahoo.com,7189914525,,Bruckner Plumbing Limited,,,,1074 Home St.,,Bronx,10459,,New York,United States,1074 Home St.
,3473387155,,Snake-A-Drain Sewer Service,,,,991 Fox St.,,Bronx,10459,,New York,United States,991 Fox St.
,9294456512,,Hasty Carrier HVAC Systems,,,,935 Bruckner Blvd.,,Bronx,10459,,New York,United States,935 Bruckner Blvd.
,3475909820,,Gilbane Building Co.,,,,1063 Simpson St.,,Bronx,10459,,New York,United States,1063 Simpson St.
,2122694357,,AG Heating,,,,1330 Prospect Ave.,,Bronx,10459,,New York,United States,1330 Prospect Ave.
,7182313663,,Express Plumbing Sewer & Water Main Corporation,www.expressplumbingny.com,,,1178 E 180th St.,,Bronx,10460,,New York,United States,1178 E 180th St.
,6464861380,,Dunham Plumbing & Heating,,,,1575 Bronx River Ave.,,Bronx,10460,,New York,United States,1575 Bronx River Ave.
,8669415072,,Cardinal Plumbing,,,,901 E Tremont Ave.,,Bronx,10460,,New York,United States,901 E Tremont Ave.
coldelite@ymail.com,7183191836,,Cold Elite HVAC/R,,,,631 Morris Park Ave.,,Bronx,10460,,New York,United States,631 Morris Park Ave.
,7185973800,,Pan-A-Rama Air Conditioning & Refrigeration Co.,,,,1160 E Tremont Ave.,,Bronx,10460,,New York,United States,1160 E Tremont Ave.
,9294456513,,Nimble Goodman Central Air Conditioners HVAC,,,,788 E Tremont Ave.,,Bronx,10460,,New York,United States,788 E Tremont Ave.
,7189041326,,Ephraim Electric Air Conditioning & Refrigeration,,,,1621 Van Buren St.,,Bronx,10460,,New York,United States,1621 Van Buren St.
,7183289400,,C & V Plumbing & Heating Inc.,,,,1015 E 173rd St.,,Bronx,10460,,New York,United States,1015 E 173rd St.
,9292731705,,Excel Mechanical,,,,803 E 182nd St.,,Bronx,10460,,New York,United States,803 E 182nd St.
,9292853224,,NYC Heating & Air Conditioning Co.,,,,1687 Boston Rd.,,Bronx,10460,,New York,United States,1687 Boston Rd.
,7189916359,,Ro Sal Plumbing & Heating,,,,1544 Boone Ave.,,Bronx,10460,,New York,United States,1544 Boone Ave.
,3479189371,,True Profession,,,,1527 Bryant Ave.,,Bronx,10460,,New York,United States,1527 Bryant Ave.
,7188818800,,Vitello Plumbing,,,,1952 Williamsbridge Rd.,,Bronx,10461,,New York,United States,1952 Williamsbridge Rd.
,7189318200,,Catalano Plumbing & Heating,,,,2419 E Tremont Ave.,,Bronx,10461,,New York,United States,2419 E Tremont Ave.
,7189317570,,New Plumbing & Heating Corporation,,,,1536 Stillwell Ave.,,Bronx,10461,,New York,United States,1536 Stillwell Ave.
,3472818001,,Impact Plumbing Inc.,,,,2045 Hone Ave.,,Bronx,10461,,New York,United States,2045 Hone Ave.
,7189041600,,Scale Plumbing Corp.,,,,1646 Tomlinson Ave.,,Bronx,10461,,New York,United States,1646 Tomlinson Ave.
,7188296494,,Integra Plumbing,,,,1550 Stillwell Ave.,,Bronx,10461,,New York,United States,1550 Stillwell Ave.
,7188222232,,Aquaflo PLumbing & Heating Corp.,,,,2055 Colonial Ave #A,,Bronx,10461,,New York,United States,2055 Colonial Ave #A
,3478100939,,Hudson Plumbing & Mech,,,,1552 Williamsbridge Rd.,,Bronx,10461,,New York,United States,1552 Williamsbridge Rd.
,7188240095,,Harley Plumbing & Heating Inc.,,,,1525 Bassett Ave.,,Bronx,10461,,New York,United States,1525 Bassett Ave.
rooter.express@yahoo.com,9174184560,,Rooter Express Sewer & Drain Cleaning,www.rooterexpressny.com,,,781 Van Nest Ave.,,Bronx,10462,,New York,United States,781 Van Nest Ave.
info@budgetplumbingnyc.com,7188296900,,Budget Plumbing & Heating,www.budgetplumbingnyc.com,,,931 Morris Park Ave.,,Bronx,10462,,New York,United States,931 Morris Park Ave.
,9173558540,,BK Piping & Heating,,,,2121 Paulding Ave.,,Bronx,10462,,New York,United States,2121 Paulding Ave.
castlehillplumbingandheat@yahoo.com,3476405429,,Castle Hill Plumbing & Heating,www.castlehillplumbingandheating.info,,,1251 Castle Hill Ave.,,Bronx,10462,,New York,United States,1251 Castle Hill Ave.
,7188926200,,G & S Plumbing & Heating Corporation,,,,1716 White Plains Rd.,,Bronx,10462,,New York,United States,1716 White Plains Rd.
bronxdaleplumbingheat@yahoo.com,3476405428,,Bronxdale Plumbing & Heating,www.bronxdaleplumbingandheating.info,,,2090 Bronxdale Ave.,,Bronx,10462,,New York,United States,2090 Bronxdale Ave.
,7183054032,,Anday Plumbing & Sewer Rooter,,,,1023 Morris Park Ave.,,Bronx,10462,,New York,United States,1023 Morris Park Ave.
,7188280900,,Edgecombe Plumbing & Heating Inc.,,,,2273 Westchester Ave.,,Bronx,10462,,New York,United States,2273 Westchester Ave.
metroaveplumbinganddrain@yahoo.com,3476405432,,Metropolitan Ave Plumbing & Drain,www.metropolitanaveplumbinganddrain.info,,,1316 Metropolitan Ave.,,Bronx,10462,,New York,United States,1316 Metropolitan Ave.
wplumbingandheat@yahoo.com,3476405435,,WP Plumbing & Heating,www.wpplumbingandheating.info,,,2129 White Plains Rd.,,Bronx,10462,,New York,United States,2129 White Plains Rd.
,7188851940,,DMP Contracting Corp.,,,,459 City Island Ave.,,Bronx,10464,,New York,United States,459 City Island Ave.
,7185695400,,Nicks Plumbing & Heating,,,,21 Pell Pl.,,Bronx,10464,,New York,United States,21 Pell Pl.
cityislandplumbingheat@yahoo.com,3476073793,,City Island Plumbing & Heating,www.cityislandplumbingandheating.info,,,591 City Island Ave.,,Bronx,10464,,New York,United States,591 City Island Ave.
,3473135589,,Fenix Pipe Repair & Drain Cleaning,www.fenixpiperepairdraincleaningcorp.com,,,2155 Paulding Ave.,,Bronx,10464,,New York,United States,2155 Paulding Ave.
info@airwaveac.com,2125451122,,Air-Wave Air Conditioning Corporation,www.airwaveac.com,,,1637 Stillwell Ave.,,Bronx,10464,,New York,United States,1637 Stillwell Ave.
rrmarketing@rrsc.com,7186839017,,RR Plumbing Roto-Rooter,www.rotorooter.com,,,1111 Calhoun Ave Suite #5,,Bronx,10465,,New York,United States,1111 Calhoun Ave Suite #5
,7186841234,,Just Plumbing,,,,769 Vincent Ave.,,Bronx,10465,,New York,United States,769 Vincent Ave.
,9143757040,,LLG Plumbing & Heating,,,,278 Calhoun Ave.,,Bronx,10465,,New York,United States,278 Calhoun Ave.
,7182394960,,GSB Plumbing & Heating Cor1,,,,3707 E Tremont Ave #1,,Bronx,10465,,New York,United States,3707 E Tremont Ave #1
,9145920146,,Park View Plumbing & Heating Inc.,www.parkviewplumbing.com,,,3928 E Tremont Ave.,,Bronx,10465,,New York,United States,3928 E Tremont Ave.
,7187923724,,Pro Drain,,,,712 Wilcox Ave.,,Bronx,10465,,New York,United States,712 Wilcox Ave.
,7188811366,,John Todd Sewer & Drain Cleaning,,,,856 Calhoun Ave.,,Bronx,10465,,New York,United States,856 Calhoun Ave.
,3473635959,,Throgs Neck HVAC & Plumbing Services,,,,3009 Harding Ave.,,Bronx,10465,,New York,United States,3009 Harding Ave.
,7188240806,,B & A Sewer & Drain Co.,,,,1141 Ellsworth Ave.,,Bronx,10465,,New York,United States,1141 Ellsworth Ave.
,7189311338,,Steven Fusco Sewer & Drain Service,,,,542 Vincent Ave.,,Bronx,10465,,New York,United States,542 Vincent Ave.
,7188821281,,Cape Plumbing Inc.,,,,4008 Bronxwood Ave.,,Bronx,10466,,New York,United States,4008 Bronxwood Ave.
,3477079480,,Tri-State Rooter,,,,752 E 224th St.,,Bronx,10466,,New York,United States,752 E 224th St.
,7182930249,,LS Expert Plumbing & Heating,,,,740 E 225th St.,,Bronx,10466,,New York,United States,740 E 225th St.
,9172506671,,T & J Plumbing & Heating,,,,710 E 235th St.,,Bronx,10466,,New York,United States,710 E 235th St.
,7188816000,,Haron Plumbing & Heating Corp.,,,,2250 Light St.,,Bronx,10466,,New York,United States,2250 Light St.
,7185470703,,Power & Works Electric Motor Repairs,,,,3958 Bronxwood Ave.,,Bronx,10466,,New York,United States,3958 Bronxwood Ave.
,7185476460,,Casa Mechanical Inc.,www.casamechanicalplumbing.com,,,874 E 233rd St.,,Bronx,10466,,New York,United States,874 E 233rd St.
office@dirtyglovesservices.com,7188818272,,Dirty Gloves Drain Service,www.dirtyglovesservices.com,,,4460 Baychester Avenue,,Bronx,10466,,New York,United States,4460 Baychester Avenue
mercycompassionconstruction@gmail.com,3475201192,,Mercy Compassion Unlimited,,,,1141 E 223rd St.,,Bronx,10466,,New York,United States,1141 E 223rd St.
,7182132865,,Express Sewer Drain Cleaning & Repairs,,,,810 Mace Ave.,,Bronx,10467,,New York,United States,810 Mace Ave.
,7186554003,,Blatt Plumbing Inc.,,,,770 Allerton Ave.,,Bronx,10467,,New York,United States,770 Allerton Ave.
,3476073802,,WP Plumbing & Heating,,,,3773 White Plains Rd.,,Bronx,10467,,New York,United States,3773 White Plains Rd.
,7186524406,,KJ Plumbing & Heating,,,,3232 White Plains Rd.,,Bronx,10467,,New York,United States,3232 White Plains Rd.
,7183190800,,Always Dependable Plumbing,,,,307 E 204th St.,,Bronx,10467,,New York,United States,307 E 204th St.
,7188811160,,Campbells Plumbing & Heating Inc.,,,,3870 White Plains Rd #2,,Bronx,10467,,New York,United States,3870 White Plains Rd #2
astorplumbingheat@yahoo.com,3476073796,,Astor Plumbing & Heating,www.astorplumbingandheating.info,,,765 Astor Ave.,,Bronx,10467,,New York,United States,765 Astor Ave.
,7188810310,,Gunhill Plumbing Company,,,,3463 White Plains Rd.,,Bronx,10467,,New York,United States,3463 White Plains Rd.
e206thstplumbinganddrain@yahoo.com,3476073798,,East 206th St Plumbing & Drain,www.east206thplumbinganddrain.info,,,277 E 206th St.,,Bronx,10467,,New York,United States,277 E 206th St.
hollandaveplumbingheat@yahoo.com,3476073799,,Holland Ave Plumbing & Heating,www.hollandaveplumbingandheating.info,,,3631 Holland Ave.,,Bronx,10467,,New York,United States,3631 Holland Ave.
,7182955252,,Rosenberg Alan Inc. Plumbing Contractor,,,,2304 Jerome Ave.,,Bronx,10468,,New York,United States,2304 Jerome Ave.
,7182207680,,Terminator Plumbing,,,,2547 Aqueduct Ave.,,Bronx,10468,,New York,United States,2547 Aqueduct Ave.
,7185433200,,Watsons Plumbing & Heating,,,,2857 Sedgwick Ave.,,Bronx,10468,,New York,United States,2857 Sedgwick Ave.
,8883066735,,Ace Plumbing & Drain,,,,288 W Fordham Rd.,,Bronx,10468,,New York,United States,288 W Fordham Rd.
,7185843380,,John A Caputo & Sons,,,,2538 Grand Ave.,,Bronx,10468,,New York,United States,2538 Grand Ave.
jcmcontractors@aol.com,7186015943,,JCM Custom Contractors,www.jcmcustomcontractorsllc.com,,,150 W 197th St Apt 16,,Bronx,10468,,New York,United States,150 W 197th St Apt 16
,7187281930,,Morris Heights HVAC & Plumbing,,,,2301 Sedgwick Ave Suite 338,,Bronx,10468,,New York,United States,2301 Sedgwick Ave Suite 338
,3476073020,,Bailey Plumbing & Heating,,,,2800 Bailey Ave.,,Bronx,10468,,New York,United States,2800 Bailey Ave.
info@airwaveac.com,7189331011,,Air Wave Air Conditioning Company,www.airwaveac.com,,,2421 Jerome Ave.,,Bronx,10468,,New York,United States,2421 Jerome Ave.
,7188821768,,Swan Plumbing & Heating Corporation,,,,1067 Allerton Ave.,,Bronx,10469,,New York,United States,1067 Allerton Ave.
,7182394960,,GSB Plumbing  ,,,,3275 Grace Ave.,,Bronx,10469,,New York,United States,3275 Grace Ave.
,7182316000,,Lava Mechanical Contractors,,,,1081 Allerton Ave.,,Bronx,10469,,New York,United States,1081 Allerton Ave.
,7182318100,,Matison,,,,1103 E Gun Hill Rd.,,Bronx,10469,,New York,United States,1103 E Gun Hill Rd.
,7182930249,,Lush Expert Piping & Heating & Sewer Drain Cleaning,,,,1280 Astor Ave.,,Bronx,10469,,New York,United States,1280 Astor Ave.
,7186526300,,Drain Kleen Emergency Sewer Service,,,,1021 E Gun Hill Rd.,,Bronx,10469,,New York,United States,1021 E Gun Hill Rd.
,7188828179,,Goldner Plumbing,www.goldnerplumbing.com,,,1067 Allerton Ave.,,Bronx,10469,,New York,United States,1067 Allerton Ave.
,9172732824,,Brad All Phase Plumbing & Heating,,,,918 E 211th St.,,Bronx,10469,,New York,United States,918 E 211th St.
contact@absolutehvac.com,7186540005,,Absolute Cooling & Heating,www.absolutehvac.com,,,908 E Gun Hill Rd.,,Bronx,10469,,New York,United States,908 E Gun Hill Rd.
,3474271831,,Stepco Mechanical HVAC,,,,1144 E 212th St.,,Bronx,10469,,New York,United States,1144 E 212th St.
,6467345227,,Cadwel Air Conditioning,,,,901 E 222nd St.,,Bronx,10469,,New York,United States,901 E 222nd St.
,3473349011,,M & M Plumbing & Heating,,,,3221 Colden Ave.,,Bronx,10469,,New York,United States,3221 Colden Ave.
,7189947877,,Danton Plumbing & Heating Corp.,,,,4280 Katonah Ave.,,Bronx,10470,,New York,United States,4280 Katonah Ave.
info@ruggyrooter.com,9142261022,,Ruggy Rooter,www.ruggyrooter.com,,,4287 Katonah Ave Suite 133,,Bronx,10470,,New York,United States,4287 Katonah Ave Suite 133
,7188441562,,Premium Sewer & Drain LLC,,,,524 E 236th St Apt 4C,,Bronx,10470,,New York,United States,524 E 236th St Apt 4C
,3476073806,,WP Plumbing & Sewer,,,,4826 White Plains Rd.,,Bronx,10470,,New York,United States,4826 White Plains Rd.
aach754@optonline.net,7186657903,,Active Air Cooling & Heating Inc.,www.activeaircoolingheating.com,,,4550 White Plains Rd.,,Bronx,10470,,New York,United States,4550 White Plains Rd.
info@eireairemech.com,9293968948,,Eire Aire Mechanical Inc.,www.eireairemechanical.com,,,87 E 236th St.,,Bronx,10470,,New York,United States,87 E 236th St.
,7182318249,,Summit Mechanical,,,,266 E 239th St.,,Bronx,10470,,New York,United States,266 E 239th St.
,9143096413,,Albert Plumbing Service,,,,4385 Vireo Ave.,,Bronx,10470,,New York,United States,4385 Vireo Ave.
,3478987500,,Capital Mechanical,,,,5730 Mosholu Ave.,,Bronx,10471,,New York,United States,5730 Mosholu Ave.
,9292377054,,Sump Pump,,,,5669 Riverdale Ave.,,Bronx,10471,,New York,United States,5669 Riverdale Ave.
,7186014888,,Eurovision Construction Ltd.,,,,5635 Mosholu Ave.,,Bronx,10471,,New York,United States,5635 Mosholu Ave.
nina@renaissance-renovations.com,9176479842,,Renaissance Renovations,www.renaissance-renovations.com,,,5900 Arlington Ave Apt 19V,,Bronx,10471,,New York,United States,5900 Arlington Ave Apt 19V
info@silvermoonbakery.com,3474496268,,New Moon,,,,6665 Broadway,,Bronx,10471,,New York,United States,6665 Broadway
,7182042121,,DNA Plumbing Contractors,,,,2118 Cross Bronx Expy,,Bronx,10472,,New York,United States,2118 Cross Bronx Expy
castlehillplumbingandheat@yahoo.com,3476405429,,Castle Hill Plumbing & Heating,www.castlehillplumbingandheating.info,,,1251 Castle Hill Ave.,,Bronx,10472,,New York,United States,1251 Castle Hill Ave.
,6465865677,,Soundview HVAC & Plumbing,,,,1537 Watson Ave.,,Bronx,10472,,New York,United States,1537 Watson Ave.
metroaveplumbinganddrain@yahoo.com,3476405432,,Metropolitan Ave Plumbing & Drain,www.metropolitanaveplumbinganddrain.info,,,1316 Metropolitan Ave.,,Bronx,10472,,New York,United States,1316 Metropolitan Ave.
,3472551421,,Khris Rochester Bronx Plumber,,,,1254 Noble Ave.,,Bronx,10472,,New York,United States,1254 Noble Ave.
,7187927778,,Pupi-Pupa Plumbing Inc.,,,,1248 Beach Ave #1,,Bronx,10472,,New York,United States,1248 Beach Ave #1
,7189313200,,Jag Plumbing & Mechanical Inc.,,,,1797 Westchester Ave.,,Bronx,10472,,New York,United States,1797 Westchester Ave.
,7188286700,,Cesars Heating & Cooling,,,,1165 Olmstead Ave.,,Bronx,10472,,New York,United States,1165 Olmstead Ave.
bxplumbingheatcool@yahoo.com,7189242222,,Bronx Plumbing Heating & Cooling,www.bronxplumbingheatingandcooling.info,,,1003 Ward Ave.,,Bronx,10472,,New York,United States,1003 Ward Ave.
,7183282803,,Airtech Systems Inc.,,,,1125 Close Ave.,,Bronx,10472,,New York,United States,1125 Close Ave.
,7182924340,,Riteway Plumbing & Heating,,,,1140 Bronx River Ave.,,Bronx,10472,,New York,United States,1140 Bronx River Ave.
,7188220192,,Plumbing Steve,,,,2015 Caesar Pl.,,Bronx,10473,,New York,United States,2015 Caesar Pl.
promotions@solco.com,7187921600,,Solco Plumbing Supply,www.solco.com,,,931 Zerega Ave.,,Bronx,10473,,New York,United States,931 Zerega Ave.
,7187281930,,Castle Hill Heating & Plumbing Services,,,,2211 Cincinnatus Ave.,,Bronx,10473,,New York,United States,2211 Cincinnatus Ave.
,9294456495,,Knowledgeable Plumbing Service Plumbers,,,,760 Castle Hill Ave.,,Bronx,10473,,New York,United States,760 Castle Hill Ave.
,8669810293,,24 Hour Plumbing & Drain,,,,831 Rosedale Ave.,,Bronx,10473,,New York,United States,831 Rosedale Ave.
,7188930717,,Skountzos Plumbing & Heating,,,,865 Noble Ave.,,Bronx,10473,,New York,United States,865 Noble Ave.
,7182394592,,Maric Mechanical Inc.,,,,645 Castle Hill Ave.,,Bronx,10473,,New York,United States,645 Castle Hill Ave.
,8773637597,,Bruckner Plumbers,,,,1600 Bruckner Blvd.,,Bronx,10473,,New York,United States,1600 Bruckner Blvd.
ajsanchezinc@gmail.com,7188292709,,AJ Sanchez Inc.,,,,2065 Cicero Ave.,,Bronx,10473,,New York,United States,2065 Cicero Ave.
,7183285335,,Atomic Heating,,,,921 Croes Ave.,,Bronx,10473,,New York,United States,921 Croes Ave.
webmaster@firstaidcooling.com,7188610300,,First Aid Cooling & Heating,www.firstaidcooling.com,,,346 Underhill Ave.,,Bronx,10473,,New York,United States,346 Underhill Ave.
,7182396123,,Aegis Mechanical Corp.,,,,2329 Story Ave.,,Bronx,10473,,New York,United States,2329 Story Ave.
,6464020244,,G Bassolino Plumbing Limited,,,,390 Tiffany St.,,Bronx,10474,,New York,United States,390 Tiffany St.
,7185424561,,Palace Plumbing & Heating,,,,320 Manida St.,,Bronx,10474,,New York,United States,320 Manida St.
,9294456496,,Wellversed Plumbing Service Plumbers,,,,521 Drake St.,,Bronx,10474,,New York,United States,521 Drake St.
info@sanitaryplumbing.com,2127345000,,Sanitary Plumbing & Heating Corp.,www.sanitaryplumbing.com,,,571 Timpson Pl.,,Bronx,10474,,New York,United States,571 Timpson Pl.
,8446374746,,MD Piping & Heating,,,,879 Whittier St.,,Bronx,10474,,New York,United States,879 Whittier St.
,7186172222,,Elgot Air Conditioning,,,,675 Worthen St.,,Bronx,10474,,New York,United States,675 Worthen St.
waynep@allaire.ws,7189910055,,All Aire Conditioning Co Inc.,,,,528 Craven St.,,Bronx,10474,,New York,United States,528 Craven St.
,7186187419,,Trystate Mechanical,,,,529 Worthen St.,,Bronx,10474,,New York,United States,529 Worthen St.
jjqualityheating@gmail.com,7182934763,,J & J Quality Heating-Fuel Oil Corp.,www.jjhtgfuel.com,,,742 Whittier St.,,Bronx,10474,,New York,United States,742 Whittier St.
einsteinplumbingandheat@yahoo.com,3476073809,,Einstein Plumbing & Heating,www.einsteinplumbingandheating.info,,,131 Einstein Loop,,Bronx,10475,,New York,United States,131 Einstein Loop
,3476073810,,Noell Plumbing & Heating,,,,3353 Noell Ave.,,Bronx,10475,,New York,United States,3353 Noell Ave.
,7182317564,,Aqua Plumbing & Heating Corp.,,,,3324 Delavall Ave.,,Bronx,10475,,New York,United States,3324 Delavall Ave.
,7188811203,,IPEX Plumbing & Heating Corp.,,,,2266 Tillotson Ave.,,Bronx,10475,,New York,United States,2266 Tillotson Ave.
,9292377332,,All Day Plumbing,,,,691 Co Op City Blvd.,,Bronx,10475,,New York,United States,691 Co Op City Blvd.
,8665875824,,A to Z Plumbing,,,,96 Baychester Ave.,,Bronx,10475,,New York,United States,96 Baychester Ave.
aeg@taggartassoc.com,7187867570,,Taggart Associates Corp.,,,,3318 Delavall Ave.,,Bronx,10475,,New York,United States,3318 Delavall Ave.
,7182312244,,Reilly Plumbing & Heating Inc.,,,,3324 Delavall Ave.,,Bronx,10475,,New York,United States,3324 Delavall Ave.
,3472024787,,Alessandro Plumbing,,,,3319 Merritt Ave.,,Bronx,10475,,New York,United States,3319 Merritt Ave.
henry.cooper@bronxseweranddrain.com,3472690784,,Bronx Sewer & Drain Cleaning,,,,3300 Conner St.,,Bronx,10475,,New York,United States,3300 Conner St.
,9142430389,,Premium Plumbing & Heating,,,,3000 Old Yorktown Rd.,,Yorktown Heights,10501,,New York,United States,3000 Old Yorktown Rd.
,9142452852,,Steele's Plumbing,,,,205 Halyan Rd.,,Yorktown Heights,10501,,New York,United States,205 Halyan Rd.
yorktownheightsplumbingheating,9143023076,,Yorktown Plumbing & Heating ,www.yorktownheightsplumbingandheating.info,,,2026 Saw Mill River Rd.,,Yorktown Heights,10501,,New York,United States,2026 Saw Mill River Rd.
,9143935010,,J. Petrino Plumbing & Heating Corp.,,,,3181 Quinlan St.,,Yorktown Heights,10501,,New York,United States,3181 Quinlan St.
twinbelleoffice@gmail.com,9147670771,,"Twin Belle Plumbing, Heating, Air & Water Treatment",www.twinbelle.com,,,5 Frances Drive,,Katonah,10501,,New York,United States,5 Frances Drive
,9149623498,,Goldberg Plumbing & Heating,,,,243 Route 100,,Somers,10501,,New York,United States,243 Route 100
,9145061110,,Four Seasons Plumbing Inc.,,,,71 Lincoln Avenue,,Ardsley,10502,,New York,United States,71 Lincoln Avenue
westchesterplumbingsolutions@gmail.com,9142316754,,Westchester Plumbing Solutions Inc.,,,,597 Saw Mill River Rd.,,Ardsley,10502,,New York,United States,597 Saw Mill River Rd.
porcelligil@plumbrite.com,9143615667,,Plumb-Rite Inc.,www.plumb-riteinc.com,,,107 Wood Ave.,,Ardsley,10502,,New York,United States,107 Wood Ave.
,9146933728,,J P Henry Contracting Inc.,,,,41 Prospect Ave.,,Ardsley,10502,,New York,United States,41 Prospect Ave.
,9142733254,,Charglow Plumbing & Heating Inc.,,,,536 Main St.,,Armonk,10504,,New York,United States,536 Main St.
,9142194115,,Old Mount Kisco Plumbing,,,,85 Old Mount Kisco Rd.,,Armonk,10504,,New York,United States,85 Old Mount Kisco Rd.
,9142738822,,Windsor Heating & Plumbing Corporation,,,,415 Bedford Rd.,,Armonk,10504,,New York,United States,415 Bedford Rd.
bedfordroadplumbing24@yahoo.com,9142194135,,Bedford Road Plumbing,,,,111 Bedford Rd.,,Armonk,10504,,New York,United States,111 Bedford Rd.
,9143290700,,Multi Service Contractors Inc.,,,,15 Wampus Ave.,,Armonk,10504,,New York,United States,15 Wampus Ave.
,9142734654,,Abel Air Conditioning,,,,101 Bedford Rd.,,Armonk,10504,,New York,United States,101 Bedford Rd.
,2036290131,,Frontier Plumbing,,,,605 Bedford Rd.,,Armonk,10504,,New York,United States,605 Bedford Rd.
nlunde@optonline.net,9142739753,,Rolf Lunde Contracting Corporation,,,,23 Maryland Ave.,,Armonk,10504,,New York,United States,23 Maryland Ave.
info@marianigardens.com,9142733426,,Mariani & Company General Contractors & Construction Managers Inc.,,,,45 Bedford Rd.,,Armonk,10504,,New York,United States,45 Bedford Rd.
business.development@lechase.com,9147411212,,LeChase Construction Service,,,,1 Labriola Ct.,,Armonk,10504,,New York,United States,1 Labriola Ct.
,9142347043,,Village Plumbing & Heating,,,,441 Old Post Rd.,,Bedford,10506,,New York,United States,441 Old Post Rd.
,9146665313,,Spano Plumbing & Heating,,,,152 Adams St.,,Bedford Hills,10506,,New York,United States,152 Adams St.
tarpheatingplumbing@yahoo.com,9146893332,,Mount Kisco Plumbing Company,www.mountkiscoplumbingco.com,,,116 Radio Circle Drive,,Mount Kisco,10506,,New York,United States,116 Radio Circle Drive
info@katonahplumbing.com,9142347770,,Katonah Plumbing & Heating,www.katonahplumbing.com,,,768 Bedford Rdg,,Bedford Hills,10506,,New York,United States,768 Bedford Rdg
,9147696827,,Peter Colucci Plumbing & Heating,,,,720 Bedford Rd #2,,Bedford Hills,10506,,New York,United States,720 Bedford Rd #2
info@katonahplumbing.com,9142347770,,Katonah Plumbing & Heating,www.katonahplumbing.com,,,768 Bedford Rdg,,Bedford Hills,10507,,New York,United States,768 Bedford Rdg
,9147696827,,Peter Colucci Plumbing & Heating,,,,720 Bedford Rd #2,,Bedford Hills,10507,,New York,United States,720 Bedford Rd #2
,9142427455,,Gary E Powell Enterprises,,,,114 Green Ln.,,Bedford Hills,10507,,New York,United States,114 Green Ln.
,9147645459,,Blair Plumbing & Heating,,,,18 Lincoln Ave.,,Bedford,10507,,New York,United States,18 Lincoln Ave.
unitedsecorp@yahoo.com,9142421999,,United Septic & Excavation Corporation,www.unitedsepticsystems.com,,,311 Railroad Ave.,,Bedford Hills,10507,,New York,United States,311 Railroad Ave.
Murphyplumbingheating@gmail.com,9142741175,,Murphy Plumbing & Heating,www.murphyplumbingandheating.com,,,325 Bedford Rd.,,Bedford Hills,10507,,New York,United States,325 Bedford Rd.
,9143628023,,Hydrojetting Plumbing,,,,6 Wesley St.,,Bedford Hills,10507,,New York,United States,6 Wesley St.
almheatingac@verizon.net,9146662203,,Alm Heating & Air Conditioning Inc.,,,,2 Edna St.,,Bedford Hills,10507,,New York,United States,2 Edna St.
info@atlanticwestchester.com,9146662268,,Atlantic Westchester Inc.,www.atlanticwestchester.com,,,264 Adams St.,,Bedford Hills,10507,,New York,United States,264 Adams St.
,9146666251,,Lieto Brothers AC & Heating,,,,42 Main St.,,Bedford Hills,10507,,New York,United States,42 Main St.
,9145069854,,Precision USA Plumbing & Heating,,,,130 Marlborough Rd.,,Briarcliff Manor,10510,,New York,United States,130 Marlborough Rd.
,9149449461,,Briar Hills Plumbing & Heating,,,,29 Carlton Ave.,,Briarcliff Manor,10510,,New York,United States,29 Carlton Ave.
info@armstrongph.com,9149418792,,Armstrong Plumbing & Heat,www.armstrongph.com,,,593 N State Rd #1,,Briarcliff Manor,10510,,New York,United States,593 N State Rd #1
sewerheroes@gmail.com,9144828429,,Sewer Heroes,www.sewerheroesinc.com,,,1245 Pleasantville Rd.,,Briarcliff Manor,10510,,New York,United States,1245 Pleasantville Rd.
,9144886076,,Pleasantville Road Plumbing,,,,1114 Pleasantville Rd.,,Briarcliff Manor,10510,,New York,United States,1114 Pleasantville Rd.
,9149301642,,F & L Plumbing & Heating,,,,2 John Walsh Blvd.,,Peekskill,10511,,New York,United States,2 John Walsh Blvd.
peekskill911plumbco@yahoo.com,9144027460,,Peekskill 911 Plumbing Co.,www.peekskill911plumbingco.info,,,241 Welcher Ave.,,Peekskill,10511,,New York,United States,241 Welcher Ave.
hudsonplumbingheating@yahoo.com,9144027464,,Hudson Plumbing & Heating,www.hudsonplumbingandheating.com,,,55 Hudson Ave.,,Peekskill,10511,,New York,United States,55 Hudson Ave.
premiercomfort1@gmail.com,9147360487,,Premier Comfort,www.callpremiercomfort.com,,,8 John Walsh Blvd Suite 102,,Peekskill,10511,,New York,United States,8 John Walsh Blvd Suite 102
paul.abrams@rrsc.com,8452082205,,Roto-Rooter Plumbing & Drain Services,www.rotorooter.com,,,16 Fair St.,,Carmel,10512,,New York,United States,16 Fair St.
Shafferplumbingandheating@aol.com,8455423105,,Shaffer Plumbing & Heating,,,,44 Mt Hope Rd.,,Carmel,10512,,New York,United States,44 Mt Hope Rd.
peterfirza@gmail.com,9144265400,,Pro Mechanical Service & Plumbing,,,,1 Harriman Rd.,,Carmel,10512,,New York,United States,1 Harriman Rd.
,5162285016,,Mid-Westchester Plumbing,,,,23 Livingston Rd.,,Carmel,10512,,New York,United States,23 Livingston Rd.
service@cassidyplumbinginc.com,8452252492,,Cassidy Plumbing Inc.,,,,156 Barrett Hill Rd.,,Carmel,10512,,New York,United States,156 Barrett Hill Rd.
fossatiplumbing@gmail.com,8452285000,,Fossati Plumbing & Heating,,,,90 Dean Rd.,,Carmel,10512,,New York,United States,90 Dean Rd.
trielly@associated-mechanical.com,2125809259,,Associated Mechanical Inc.,www.associated-mechanical.com,,,24 Woodmill Rd.,,Chappaqua,10514,,New York,United States,24 Woodmill Rd.
,9147625565,,Dwight Getting,,,,5 Schuman Rd.,,Chappaqua,10514,,New York,United States,5 Schuman Rd.
,9147698069,,Aqua-Temp Plumbing & Heating,,,,401 Clairmont Ave Suite 3,,Thornwood ,10514,,New York,United States,401 Clairmont Ave Suite 3
info@armstrongph.com,9149418792,,Armstrong Plumbing & Heat,www.armstrongph.com,,,593 N State Rd #1,,Briarcliff Manor,10514,,New York,United States,593 N State Rd #1
Careyandwalsh@careyandwalsh.com,9147629600,,Carey & Walsh,www.careyandwalsh.com,,,529 N State Rd.,,Briarcliff Manor,10514,,New York,United States,529 N State Rd.
,8452652454,,Leonard Plumbing & Heating,,,,1 Lane Gate Rd.,,Cold Spring,10516,,New York,United States,1 Lane Gate Rd.
,8452276956,,Robert L Viggiano Plumbing & Heating,,,,23 Perkinson Court,,Cold Spring,10516,,New York,United States,23 Perkinson Court
info@twebber.com,8452651400,,Webber T Plumbing & Heating,,,,3365 Route 9,,Cold Spring,10516,,New York,United States,3365 Route 9
boorom@boorom.com,8452652700,,Boorom Facility Solutions,www.boorom.com,,,140 Route 301,,Cold Spring,10516,,New York,United States,140 Route 301
lapes1@optonline.net,8452652924,,Kannen Mechanical Inc.,,,,33 Egan Rd.,,Cold Spring,10516,,New York,United States,33 Egan Rd.
leonardiandson27@gmail.com,9149803554,,Leonardi & Son Construction Inc.,www.leonardiandson.com,,,61 Torchia Rd.,,Cold Spring,10516,,New York,United States,61 Torchia Rd.
hvacpro@comfortmaster.biz,8452656500,,Comfortmaster Heating & Cooling Services,,,,3191 Route 9,,Cold Spring,10516,,New York,United States,3191 Route 9
,8452653500,,Tempaire,,,,3590 Route 9 Suite 101B,,Cold Spring,10516,,New York,United States,3590 Route 9 Suite 101B
,8455202754,,"Plumbing & HVAC Cross River, NY",,,,4 E445 864th Ave.,,Cross River,10518,,New York,United States,4 E445 864th Ave.
DGC0078395@aol.com,9147636495,,Arrow Plumbing Inc.,,,,1016 Route 35,,Cross River,10518,,New York,United States,1016 Route 35
,9149774421,,Cooling Repair Seven Days,,,,880 Route 35,,Cross River,10518,,New York,United States,880 Route 35
,9149773563,,Norwest Contracting & Home Services,,,,870 Route 35,,Cross River,10518,,New York,United States,870 Route 35
,9147636191,,Crossriver Construction Corp.,,,,788 Route 35,,Cross River,10518,,New York,United States,788 Route 35
goldberg@goldbergplumbing.com,9149623498,,Goldberg Plumbing & Heating,www.goldbergplumbing.com,,,243 Route 100,,Somers,10518,,New York,United States,243 Route 100
,8452782384,,Little Plumber LLC,,,,87 Main St.,,Brewster,10518,,New York,United States,87 Main St.
,9147332352,,Noble Plumbing & Heating,,,,3 Warren St.,,Somers,10518,,New York,United States,3 Warren St.
info@lbrplumbing.com,9142774000,,LBR Plumbing & Heating,www.lbrplumbing.com,,,869 NY-22,,Brewster,10519,,New York,United States,869 NY-22
,8452793196,,Putnam Plumbing & Heating,,,,135 Main St.,,Brewster,10519,,New York,United States,135 Main St.
